Review_ID,Actual_Stars,Snippet,Zero_Pred,Zero_Reason,Few_Pred,Few_Reason,CoT_Pred,CoT_Reason,CoT_Thoughts
0,4,We got here around midnight last Friday....,5,"The reviewer praised the friendly service, quality cocktails, and well-made pub grub. The atmosphere is suitable for a sports bar, and the venue is highly recommended for happy hour and day drinking.",4,"Strong positive sentiment regarding well-made pub grub, friendly service, and quality cocktails. The atmosphere works well for a sports bar, and the patio is praised for day-drinking.",5,"Excellent service, quality food, and great cocktails were noted. The venue offers strong features like a great patio and is highly recommended for happy hour, indicating a top-tier experience.","The tone is overwhelmingly positive, praising the quality of food ('well made pub grub'), drinks ('quality cocktails'), and service ('friendly'). The only minor negative observation (being 'dead' late at night) is contextualized and accepted by the reviewer. The update adds significant praise for the patio and happy hour potential. All core elements of the experience were excellent."
1,5,Brought a friend from Louisiana here.  S...,5,"The reviewer quotes a friend from Louisiana (an expert source) who called the dish the 'best' she's had outside of the state, indicating exceptional quality and high praise.",5,"Extremely high praise for the food quality. The dish was called ""the best"" outside of its region of origin (Louisiana), indicating strong positive sentiment.",5,"The review is overwhelmingly positive, stating a signature dish is the 'best outside of Louisiana.' This indicates exceptional quality and authenticity.","1. Tone is highly positive. 2. Specific praise: Crawfish etouffee is the 'best she's had outside of Louisiana,' validated by a Louisiana native (a high standard). 3. Pros heavily outweigh the cons (zero complaints). 4. This exceptional praise warrants the highest rating."
2,3,"Every friday, my dad and I eat here. We ...",5,"The reviewer is a loyal, weekly customer who finds the food consistently good, filling, and satisfying enough to visit every Friday.",4,"The reviewer is a weekly repeat customer, indicating high satisfaction. Food items are described positively ('good and filling,' 'hits the spot'). The experience is reliable and above average.",4,"Reviewer is a loyal, weekly customer.
Food is described as 'good and filling' and satisfying.
Experience is reliable and meets expectations.","The tone is overwhelmingly positive, indicating high customer loyalty (eats there every Friday). Specific items (pizza wraps, iced tea) are praised as 'good and filling' and satisfying ('hits the spot'). The only neutral comment is 'Typical strip mall pizza,' which suggests standard quality but does not detract from the weekly enjoyment. The high frequency of visits and specific positive feedback warrant a strong 4-star rating."
3,1,"My husband and I were really, really dis...",1,The dealership misdiagnosed a simple dirt/debris cleaning issue (a $100 fix) as a major $3000+ moon roof track replacement. The customer felt deceived and lost brand loyalty.,1,"Strong negative sentiment based on alleged dishonesty and massive overcharge attempt. The dealer quoted $3000 for a new track when the issue was only dirt and debris, fixed for $100 elsewhere.",1,"The dealership grossly misdiagnosed a simple $100 cleaning issue as a $3000+ repair, suggesting dishonesty and an attempt to defraud the customer. This resulted in a complete loss of trust and future business.","The tone is highly negative, starting with 'really, really disappointed.' The primary complaint is a severe misdiagnosis: Coulter quoted over $3000 for a full moon roof track replacement, while a second opinion revealed the issue was merely dirt and debris requiring a $100 cleaning. The customer believes the dealership intentionally lied. There are zero praises. The cons (alleged dishonesty, massive overcharge attempt, poor corporate support) heavily outweigh the pros. This level of alleged fraud warrants the lowest possible rating."
4,5,Love this place!  Was in phoenix 3 weeks...,5,The reviewer explicitly states 'Love this place!' and calls the food 'amazing.' They were a repeat customer (3 visits in 3 weeks) and highly recommend the restaurant ('Must try!').,5,"Overwhelmingly positive sentiment ('Love this place!'). The reviewer was a repeat customer (ate there 3 times) and gave specific, high praise for the food quality ('amazing').",5,"The review uses enthusiastic language ('Love,' 'amazing') and includes a strong recommendation ('Must try!'). The reviewer also demonstrated loyalty by visiting 3 times in 3 weeks.","1. Tone: Extremely Positive, indicated by phrases like 'Love this place!' and 'Must try!'. 2. Specific Praises: The reviewer visited 3 times in 3 weeks (indicating high satisfaction/loyalty), specifically called the squid salad 'amazing,' and praised the variety of menu items. 3. Complaints: None. 4. Weighing: The review is entirely positive, featuring strong emotional praise and behavioral evidence (repeat visits) supporting a perfect experience."
5,4,This hotel is in a good location for get...,5,"The reviewer found the hotel to be a ""great choice"" offering excellent value (low price, free parking) and cleanliness, despite minor noise issues. They would stay again.",5,"Strong positive sentiment highlighting great value (free parking, lower price), cleanliness, and convenient location. The reviewer explicitly states they would stay again.",5,"The hotel offers excellent value (price/free parking) and is clean with large rooms. The reviewer strongly recommends the hotel, noting the pros heavily outweigh the single minor noise complaint.","The tone is highly positive, emphasizing excellent value (lower price, free parking) and good amenities (clean, large rooms, decent breakfast). The reviewer dismisses common complaints (noise, safety) and only notes one minor annoyance (hearing neighbors in the bathroom). The reviewer concludes the hotel is a 'great choice' and would stay again, indicating a top-tier experience relative to expectations and price point."
6,4,I love that this place has top seafood p...,5,"The review praises the 'top seafood plates' and high quality of sushi/salmon. The late-night service (till 2 AM) and affordable drinks are major selling points, outweighing minor service inconsistencies.",4,"Strong positive sentiment regarding top food quality, selection, and late hours (till 2 AM). Drinks are inexpensive and happy hour is good. Service is noted as 'hit and miss' but staff showed responsiveness.",5,"The review praises top food quality, excellent value, and the major convenience of late-night service (till 2 AM). The single service flaw was quickly corrected, justifying a top rating.","The tone is overwhelmingly positive, highlighted by phrases like 'I love,' 'top seafood,' and 'The best part.' The only complaint is that service is 'hit and miss,' but this is immediately mitigated by an example of excellent service recovery. Praises focus on high food quality (salmon, eels, octopus), great value (inexpensive drinks, good happy hour), and a major convenience factor (food served until 2 AM). The numerous, specific, and strong pros heavily outweigh the single, mitigated con."
7,4,Awesome if you like ramen...even awesome...,5,"The review uses highly positive language ('Awesome,' 'awesomer') indicating strong satisfaction. It explicitly praises both main offerings (ramen and boba tea).",5,"Extremely positive sentiment using superlative adjectives (""Awesome"", ""awesomer""). High satisfaction with both core offerings.",5,"Uses the highest level of praise ('Awesome,' 'awesomer'). Explicitly endorses both ramen and boba tea. No complaints or negative feedback provided.","1. Identify Tone: Highly Positive. The review uses 'Awesome' and 'awesomer.' 2. List Praises/Complaints: Praises include excellent ramen and even better boba tea. No complaints listed. 3. Weigh Pros vs Cons: Two strong pros, zero cons. 4. Assign Rating: The language indicates maximum satisfaction."
8,5,"Great place for a ""home office"" morning....",5,"The reviewer uses superlatives (""favorite places,"" ""awesome food"") and praises the atmosphere and generous portions.",5,"Overwhelmingly positive sentiment. Highlights include ""awesome"" food, generous portions, and being a favorite spot.",5,"The reviewer describes this as a 'favorite place' with 'awesome' food and 'very generous portions.' The experience is overwhelmingly positive across atmosphere, food, and service offerings.","1. Tone is overwhelmingly Positive, using terms like 'Great place,' 'favorite places,' and 'awesome' food. 2. Specific praises include suitability for work, excellent food quality, generous portions, and good indoor/outdoor seating options. 3. There are zero complaints; the mention of 'Always busy' is framed as a sign of popularity rather than a negative. 4. The strong positive language and lack of drawbacks mandate the highest possible rating."
9,1,"1 star for service, but the food is not ...",1,"The reviewer experienced consistently poor portion sizes (little to no meat) across multiple visits and different menu items.
The experience was so negative that the reviewer explicitly stated they will not be returning.",1,Strong negative sentiment. Explicitly mentions 1 star for service and severe disappointment with food quantity (little to no meat). Customer states they will not return.,1,"The review details repeated, critical failures in food portioning (little to no meat) across multiple visits. Service was also rated poorly (1 star). The customer explicitly states they will not return.","1. Tone: Negative. 2. Complaints: The primary complaint is the extremely poor portion size ('4 pieces of chicken,' 'little to no meat') which occurred on two separate visits for different items. The reviewer also explicitly rates the service as 1 star. 3. Weighing: There are no pros; the review details fundamental failures in both product (food) and service, resulting in the customer stating they will not return. 4. Rating: 1 star."
